Title,Rating,Bought,Price,Full_link
Instant Pot,4.7 out of 5 stars,2K+ bought in past month,"13,999",https://www.amazon.in/Instant-Pot-Multi-Use-Programmable-Pressure/dp/B00FLYWNYQ/ref=sr_1_1?dib=eyJ2IjoiMSJ9.Sql3duY2AQuff3i_z-mJCjuZ43PFxnZJBHxwsgckF2j33F135sF2pP-QLh6snVhrGk9WwVXvESlzCZRB776W3f9XZQykLASFKuwMUge6DcrxmgLfrIRdeXrwnGfsUlh6TsN6KcnbAoKh5V2-irR6bTBns6rYcOvhExltGgRMtRQjdE0T9pXeVSdUWzd70BFKWtqJV0nRI14TAyAeReJ34iayOnC5lwh__jlTjun8MXQ.j4xFma4QXBN5q4QnDhUNmNSjGYNuLPEH4RhWRyIDQdg&dib_tag=se&keywords=instant+pot&qid=1777034120&sr=8-1
Prestige,3.9 out of 5 stars,500+ bought in past month,"8,399",https://www.amazon.in/Prestige-Electric-Pre-Set-Consumption-Stainless/dp/B0FDR7FM75/ref=sr_1_2?dib=eyJ2IjoiMSJ9.Sql3duY2AQuff3i_z-mJCjuZ43PFxnZJBHxwsgckF2j33F135sF2pP-QLh6snVhrGk9WwVXvESlzCZRB776W3f9XZQykLASFKuwMUge6DcrxmgLfrIRdeXrwnGfsUlh6TsN6KcnbAoKh5V2-irR6bTBns6rYcOvhExltGgRMtRQjdE0T9pXeVSdUWzd70BFKWtqJV0nRI14TAyAeReJ34iayOnC5lwh__jlTjun8MXQ.j4xFma4QXBN5q4QnDhUNmNSjGYNuLPEH4RhWRyIDQdg&dib_tag=se&keywords=instant+pot&qid=1777034120&sr=8-2
NUTRICOOK,4.5 out of 5 stars,300+ bought in past month,"11,999",https://www.amazon.in/Nutricook-Stainless-Programmable-Electric-Pressure/dp/B08WB1Y5Y2/ref=sr_1_3?dib=eyJ2IjoiMSJ9.Sql3duY2AQuff3i_z-mJCjuZ43PFxnZJBHxwsgckF2j33F135sF2pP-QLh6snVhrGk9WwVXvESlzCZRB776W3f9XZQykLASFKuwMUge6DcrxmgLfrIRdeXrwnGfsUlh6TsN6KcnbAoKh5V2-irR6bTBns6rYcOvhExltGgRMtRQjdE0T9pXeVSdUWzd70BFKWtqJV0nRI14TAyAeReJ34iayOnC5lwh__jlTjun8MXQ.j4xFma4QXBN5q4QnDhUNmNSjGYNuLPEH4RhWRyIDQdg&dib_tag=se&keywords=instant+pot&qid=1777034120&sr=8-3
Wonderchef,4.0 out of 5 stars,200+ bought in past month,"7,599",https://www.amazon.in/Wonderchef-63153102-Nutri-Pot-3L/dp/B07ZRZTDJY/ref=sr_1_4?dib=eyJ2IjoiMSJ9.Sql3duY2AQuff3i_z-mJCjuZ43PFxnZJBHxwsgckF2j33F135sF2pP-QLh6snVhrGk9WwVXvESlzCZRB776W3f9XZQykLASFKuwMUge6DcrxmgLfrIRdeXrwnGfsUlh6TsN6KcnbAoKh5V2-irR6bTBns6rYcOvhExltGgRMtRQjdE0T9pXeVSdUWzd70BFKWtqJV0nRI14TAyAeReJ34iayOnC5lwh__jlTjun8MXQ.j4xFma4QXBN5q4QnDhUNmNSjGYNuLPEH4RhWRyIDQdg&dib_tag=se&keywords=instant+pot&qid=1777034120&sr=8-4
Pigeon,2.8 out of 5 stars,M.R.P:,"3,995",https://www.amazon.in/Pigeon-Stovekraft-Electric-Automatic-Stainless/dp/B0DY1QMPRF/ref=sr_1_5?dib=eyJ2IjoiMSJ9.Sql3duY2AQuff3i_z-mJCjuZ43PFxnZJBHxwsgckF2j33F135sF2pP-QLh6snVhrGk9WwVXvESlzCZRB776W3f9XZQykLASFKuwMUge6DcrxmgLfrIRdeXrwnGfsUlh6TsN6KcnbAoKh5V2-irR6bTBns6rYcOvhExltGgRMtRQjdE0T9pXeVSdUWzd70BFKWtqJV0nRI14TAyAeReJ34iayOnC5lwh__jlTjun8MXQ.j4xFma4QXBN5q4QnDhUNmNSjGYNuLPEH4RhWRyIDQdg&dib_tag=se&keywords=instant+pot&qid=1777034120&sr=8-5
AGARO,4.2 out of 5 stars,50+ bought in past month,No price,https://www.amazon.in/AGARO-Imperial-Functions-Adjustable-Stainless/dp/B0BR7FT9DJ/ref=sr_1_6?dib=eyJ2IjoiMSJ9.Sql3duY2AQuff3i_z-mJCjuZ43PFxnZJBHxwsgckF2j33F135sF2pP-QLh6snVhrGk9WwVXvESlzCZRB776W3f9XZQykLASFKuwMUge6DcrxmgLfrIRdeXrwnGfsUlh6TsN6KcnbAoKh5V2-irR6bTBns6rYcOvhExltGgRMtRQjdE0T9pXeVSdUWzd70BFKWtqJV0nRI14TAyAeReJ34iayOnC5lwh__jlTjun8MXQ.j4xFma4QXBN5q4QnDhUNmNSjGYNuLPEH4RhWRyIDQdg&dib_tag=se&keywords=instant+pot&qid=1777034120&sr=8-6
"Instant Vortex Plus 6L Air Fryer, 6-in-1 with 360° EvenCrisp Technology, Touch Control Panel, Uses 95% Less Oil, Air Fry, Roast, Grill, Bake, Reheat & Dehydrate, 1500W, PFOA-Free & BPA-Free, 230V",4.8 out of 5 stars,200+ bought in past month,"11,799",https://www.amazon.in/Instant-Vortex-Plus-Air-Fryer/dp/B07VHFMZHJ/ref=sr_1_7?dib=eyJ2IjoiMSJ9.Sql3duY2AQuff3i_z-mJCjuZ43PFxnZJBHxwsgckF2j33F135sF2pP-QLh6snVhrGk9WwVXvESlzCZRB776W3f9XZQykLASFKuwMUge6DcrxmgLfrIRdeXrwnGfsUlh6TsN6KcnbAoKh5V2-irR6bTBns6rYcOvhExltGgRMtRQjdE0T9pXeVSdUWzd70BFKWtqJV0nRI14TAyAeReJ34iayOnC5lwh__jlTjun8MXQ.j4xFma4QXBN5q4QnDhUNmNSjGYNuLPEH4RhWRyIDQdg&dib_tag=se&keywords=instant+pot&qid=1777034120&sr=8-7
Philips,4.7 out of 5 stars,700+ bought in past month,"19,995",https://www.amazon.in/Philips-Functions-AmbiHeat-Technology-Capacity/dp/B0GR7B37ND/ref=sr_1_8?dib=eyJ2IjoiMSJ9.Sql3duY2AQuff3i_z-mJCjuZ43PFxnZJBHxwsgckF2j33F135sF2pP-QLh6snVhrGk9WwVXvESlzCZRB776W3f9XZQykLASFKuwMUge6DcrxmgLfrIRdeXrwnGfsUlh6TsN6KcnbAoKh5V2-irR6bTBns6rYcOvhExltGgRMtRQjdE0T9pXeVSdUWzd70BFKWtqJV0nRI14TAyAeReJ34iayOnC5lwh__jlTjun8MXQ.j4xFma4QXBN5q4QnDhUNmNSjGYNuLPEH4RhWRyIDQdg&dib_tag=se&keywords=instant+pot&qid=1777034120&sr=8-8
Wonderchef,3.9 out of 5 stars,100+ bought in past month,"8,999",https://www.amazon.in/Wonderchef-Nutri-Pot-Watts-Black-Silver/dp/B07HH5J4TL/ref=sr_1_9?dib=eyJ2IjoiMSJ9.Sql3duY2AQuff3i_z-mJCjuZ43PFxnZJBHxwsgckF2j33F135sF2pP-QLh6snVhrGk9WwVXvESlzCZRB776W3f9XZQykLASFKuwMUge6DcrxmgLfrIRdeXrwnGfsUlh6TsN6KcnbAoKh5V2-irR6bTBns6rYcOvhExltGgRMtRQjdE0T9pXeVSdUWzd70BFKWtqJV0nRI14TAyAeReJ34iayOnC5lwh__jlTjun8MXQ.j4xFma4QXBN5q4QnDhUNmNSjGYNuLPEH4RhWRyIDQdg&dib_tag=se&keywords=instant+pot&qid=1777034120&sr=8-9
InstaCuppa,3.9 out of 5 stars,300+ bought in past month,"1,599",https://www.amazon.in/InstaCuppa-Kettle-Adjustable-Temperature-Settings/dp/B0C26NH1C7/ref=sr_1_10?dib=eyJ2IjoiMSJ9.Sql3duY2AQuff3i_z-mJCjuZ43PFxnZJBHxwsgckF2j33F135sF2pP-QLh6snVhrGk9WwVXvESlzCZRB776W3f9XZQykLASFKuwMUge6DcrxmgLfrIRdeXrwnGfsUlh6TsN6KcnbAoKh5V2-irR6bTBns6rYcOvhExltGgRMtRQjdE0T9pXeVSdUWzd70BFKWtqJV0nRI14TAyAeReJ34iayOnC5lwh__jlTjun8MXQ.j4xFma4QXBN5q4QnDhUNmNSjGYNuLPEH4RhWRyIDQdg&dib_tag=se&keywords=instant+pot&qid=1777034120&sr=8-10
BERGNER,3.1 out of 5 stars,100+ bought in past month,"8,159",https://www.amazon.in/MasterPro-Electric-Pressure-Non-Stick-Multicook/dp/B0FSDGRXRC/ref=sr_1_11?dib=eyJ2IjoiMSJ9.Sql3duY2AQuff3i_z-mJCjuZ43PFxnZJBHxwsgckF2j33F135sF2pP-QLh6snVhrGk9WwVXvESlzCZRB776W3f9XZQykLASFKuwMUge6DcrxmgLfrIRdeXrwnGfsUlh6TsN6KcnbAoKh5V2-irR6bTBns6rYcOvhExltGgRMtRQjdE0T9pXeVSdUWzd70BFKWtqJV0nRI14TAyAeReJ34iayOnC5lwh__jlTjun8MXQ.j4xFma4QXBN5q4QnDhUNmNSjGYNuLPEH4RhWRyIDQdg&dib_tag=se&keywords=instant+pot&qid=1777034120&sr=8-11
Crock-Pot,4.2 out of 5 stars,M.R.P:,"7,909",https://www.amazon.in/Crock-Pot-Electric-Programmable-Multi-Cooker-Stainless/dp/B07D6K47HT/ref=sr_1_12?dib=eyJ2IjoiMSJ9.Sql3duY2AQuff3i_z-mJCjuZ43PFxnZJBHxwsgckF2j33F135sF2pP-QLh6snVhrGk9WwVXvESlzCZRB776W3f9XZQykLASFKuwMUge6DcrxmgLfrIRdeXrwnGfsUlh6TsN6KcnbAoKh5V2-irR6bTBns6rYcOvhExltGgRMtRQjdE0T9pXeVSdUWzd70BFKWtqJV0nRI14TAyAeReJ34iayOnC5lwh__jlTjun8MXQ.j4xFma4QXBN5q4QnDhUNmNSjGYNuLPEH4RhWRyIDQdg&dib_tag=se&keywords=instant+pot&qid=1777034120&sr=8-12
RTECPOT Multipurpose Electric Pressure Cooker with 7-in-1 Appliance with Stainless Steel Bowl and Specially Customised Partition available for MultiCooking (R6l2025) with 1 Year Warranty,5.0 out of 5 stars,M.R.P:,"8,999",https://www.amazon.in/Multipurpose-Appliance-Stainless-Customised-MultiCooking/dp/B0GRGHGCSJ/ref=sr_1_13?dib=eyJ2IjoiMSJ9.Sql3duY2AQuff3i_z-mJCjuZ43PFxnZJBHxwsgckF2j33F135sF2pP-QLh6snVhrGk9WwVXvESlzCZRB776W3f9XZQykLASFKuwMUge6DcrxmgLfrIRdeXrwnGfsUlh6TsN6KcnbAoKh5V2-irR6bTBns6rYcOvhExltGgRMtRQjdE0T9pXeVSdUWzd70BFKWtqJV0nRI14TAyAeReJ34iayOnC5lwh__jlTjun8MXQ.j4xFma4QXBN5q4QnDhUNmNSjGYNuLPEH4RhWRyIDQdg&dib_tag=se&keywords=instant+pot&qid=1777034120&sr=8-13
PRINGLE,3.7 out of 5 stars,M.R.P:,"5,899",https://www.amazon.in/Pringle-FW-1806-4-5-liters-Cooker-Black/dp/B07CVMP4CF/ref=sr_1_14?dib=eyJ2IjoiMSJ9.Sql3duY2AQuff3i_z-mJCjuZ43PFxnZJBHxwsgckF2j33F135sF2pP-QLh6snVhrGk9WwVXvESlzCZRB776W3f9XZQykLASFKuwMUge6DcrxmgLfrIRdeXrwnGfsUlh6TsN6KcnbAoKh5V2-irR6bTBns6rYcOvhExltGgRMtRQjdE0T9pXeVSdUWzd70BFKWtqJV0nRI14TAyAeReJ34iayOnC5lwh__jlTjun8MXQ.j4xFma4QXBN5q4QnDhUNmNSjGYNuLPEH4RhWRyIDQdg&dib_tag=se&keywords=instant+pot&qid=1777034120&sr=8-14
SAMEZONE,4.0 out of 5 stars,100+ bought in past month,499,https://www.amazon.in/SAMEZONE-Stainless-Steamer-Basket-Handle/dp/B0FP31L69L/ref=sr_1_15?dib=eyJ2IjoiMSJ9.Sql3duY2AQuff3i_z-mJCjuZ43PFxnZJBHxwsgckF2j33F135sF2pP-QLh6snVhrGk9WwVXvESlzCZRB776W3f9XZQykLASFKuwMUge6DcrxmgLfrIRdeXrwnGfsUlh6TsN6KcnbAoKh5V2-irR6bTBns6rYcOvhExltGgRMtRQjdE0T9pXeVSdUWzd70BFKWtqJV0nRI14TAyAeReJ34iayOnC5lwh__jlTjun8MXQ.j4xFma4QXBN5q4QnDhUNmNSjGYNuLPEH4RhWRyIDQdg&dib_tag=se&keywords=instant+pot&qid=1777034120&sr=8-15
Morphy Richards,3.6 out of 5 stars,M.R.P:,"8,690",https://www.amazon.in/Morphy-Richards-14-Preset-Customised-Automatic/dp/B0CB381KQQ/ref=sr_1_16?dib=eyJ2IjoiMSJ9.Sql3duY2AQuff3i_z-mJCjuZ43PFxnZJBHxwsgckF2j33F135sF2pP-QLh6snVhrGk9WwVXvESlzCZRB776W3f9XZQykLASFKuwMUge6DcrxmgLfrIRdeXrwnGfsUlh6TsN6KcnbAoKh5V2-irR6bTBns6rYcOvhExltGgRMtRQjdE0T9pXeVSdUWzd70BFKWtqJV0nRI14TAyAeReJ34iayOnC5lwh__jlTjun8MXQ.j4xFma4QXBN5q4QnDhUNmNSjGYNuLPEH4RhWRyIDQdg&dib_tag=se&keywords=instant+pot&qid=1777034120&sr=8-16
"6 Ltr Pressure Cooker Nylon Cover with Storage Pockets, Waterproof & Dustproof Kitchen Appliance Cover for Instant Pot, Crock-Pot, Ninja Foodi, Storage Organizer with Pouches, Black (36x34 cm)",4.4 out of 5 stars,100+ bought in past month,281,https://www.amazon.in/SOFROZ-Waterproof-Dustproof-Appliance-Crock-Pot/dp/B0DY84V6HC/ref=sr_1_17?dib=eyJ2IjoiMSJ9.vloIg2cSahCyLiNY1HPoG2SDlj2YyVIJuZ26C8ai9Jmo_vPp-S_PKdtD_ivRF4iDU42b1E-wuBNlMK5o_ZJkuOoUvWPXoRY81OwP6QvU8WzDlKrwxorSiBC-XSPcVwKAuRnzRuG3KE_TSsa-bBCYcd65Qh4qVqx4EyWSO63o1TS3Ab9ial23vBSX-5QaLYIFBVhWXlQ9Vsf2WGuIDfNgBWbIGvE_rrFtzdFf4z7hwC8.dUaO7NvUBVaQ-F0Coi-paU_-0lUGiz8eZkDSkys24ms&dib_tag=se&keywords=instant+pot&qid=1777034122&sr=8-17
"Steamer Rack for Instant Pot – Stainless Steel Pressure Cooker Trivet 2 Pack, Steaming Rack with Legs for 6Qt & 8Qt Instant Pot Accessories, Food Steamer Stand for Vegetables, Eggs, Seafood, Cooling Rack Combo ( Samll and Big)",5.0 out of 5 stars,M.R.P:,379,https://www.amazon.in/Steamer-Rack-Instant-Pot-Accessories/dp/B0GRMQ3MCH/ref=sr_1_18?dib=eyJ2IjoiMSJ9.vloIg2cSahCyLiNY1HPoG2SDlj2YyVIJuZ26C8ai9Jmo_vPp-S_PKdtD_ivRF4iDU42b1E-wuBNlMK5o_ZJkuOoUvWPXoRY81OwP6QvU8WzDlKrwxorSiBC-XSPcVwKAuRnzRuG3KE_TSsa-bBCYcd65Qh4qVqx4EyWSO63o1TS3Ab9ial23vBSX-5QaLYIFBVhWXlQ9Vsf2WGuIDfNgBWbIGvE_rrFtzdFf4z7hwC8.dUaO7NvUBVaQ-F0Coi-paU_-0lUGiz8eZkDSkys24ms&dib_tag=se&keywords=instant+pot&qid=1777034122&sr=8-18
Instant Pot,4.8 out of 5 stars,M.R.P:,"11,676",https://www.amazon.in/Genuine-Instant-Pot-Stainless-Cooking/dp/B008BKHGX0/ref=sr_1_19?dib=eyJ2IjoiMSJ9.vloIg2cSahCyLiNY1HPoG2SDlj2YyVIJuZ26C8ai9Jmo_vPp-S_PKdtD_ivRF4iDU42b1E-wuBNlMK5o_ZJkuOoUvWPXoRY81OwP6QvU8WzDlKrwxorSiBC-XSPcVwKAuRnzRuG3KE_TSsa-bBCYcd65Qh4qVqx4EyWSO63o1TS3Ab9ial23vBSX-5QaLYIFBVhWXlQ9Vsf2WGuIDfNgBWbIGvE_rrFtzdFf4z7hwC8.dUaO7NvUBVaQ-F0Coi-paU_-0lUGiz8eZkDSkys24ms&dib_tag=se&keywords=instant+pot&qid=1777034122&sr=8-19
MASSIVA,4.1 out of 5 stars,100+ bought in past month,"3,042",https://www.amazon.in/MASSIVA-Purpose-Electric-Kettle-Steamer/dp/B0FQHRY57D/ref=sr_1_20?dib=eyJ2IjoiMSJ9.vloIg2cSahCyLiNY1HPoG2SDlj2YyVIJuZ26C8ai9Jmo_vPp-S_PKdtD_ivRF4iDU42b1E-wuBNlMK5o_ZJkuOoUvWPXoRY81OwP6QvU8WzDlKrwxorSiBC-XSPcVwKAuRnzRuG3KE_TSsa-bBCYcd65Qh4qVqx4EyWSO63o1TS3Ab9ial23vBSX-5QaLYIFBVhWXlQ9Vsf2WGuIDfNgBWbIGvE_rrFtzdFf4z7hwC8.dUaO7NvUBVaQ-F0Coi-paU_-0lUGiz8eZkDSkys24ms&dib_tag=se&keywords=instant+pot&qid=1777034122&sr=8-20
"MasterPro by Bergner 6L Electric Pressure Cooker, 1500W, Use as Slow Cooker, Rice Cooker, Steamer, Yogurt Maker, Warmer etc, 12-Level Safety System, 24 Hours Set Up Preset Function (2 Years Warranty)",3.1 out of 5 stars,"(₹15,99,900₹15,99,900/100 g)","15,999",https://www.amazon.in/MasterPro-Pressure-Temperature-Detachable-12-Level/dp/B0CF5XVYHK/ref=sr_1_21?dib=eyJ2IjoiMSJ9.vloIg2cSahCyLiNY1HPoG2SDlj2YyVIJuZ26C8ai9Jmo_vPp-S_PKdtD_ivRF4iDU42b1E-wuBNlMK5o_ZJkuOoUvWPXoRY81OwP6QvU8WzDlKrwxorSiBC-XSPcVwKAuRnzRuG3KE_TSsa-bBCYcd65Qh4qVqx4EyWSO63o1TS3Ab9ial23vBSX-5QaLYIFBVhWXlQ9Vsf2WGuIDfNgBWbIGvE_rrFtzdFf4z7hwC8.dUaO7NvUBVaQ-F0Coi-paU_-0lUGiz8eZkDSkys24ms&dib_tag=se&keywords=instant+pot&qid=1777034122&sr=8-21
"Genuine Inner Pot for Instant Pot 6 Qt Pot for InstaPot Inner Cooking Pot Stainless Steel (Equivalent to IP-POT-SS304-60) Nonstick Pots for IP-DUO, LUX, CSG 6Qt",4.5 out of 5 stars,M.R.P:,"5,974.",https://www.amazon.in/InstaPot-Stainless-Equivalent-IP-POT-SS304-60-Nonstick/dp/B09STJ4XPQ/ref=sr_1_22?dib=eyJ2IjoiMSJ9.vloIg2cSahCyLiNY1HPoG2SDlj2YyVIJuZ26C8ai9Jmo_vPp-S_PKdtD_ivRF4iDU42b1E-wuBNlMK5o_ZJkuOoUvWPXoRY81OwP6QvU8WzDlKrwxorSiBC-XSPcVwKAuRnzRuG3KE_TSsa-bBCYcd65Qh4qVqx4EyWSO63o1TS3Ab9ial23vBSX-5QaLYIFBVhWXlQ9Vsf2WGuIDfNgBWbIGvE_rrFtzdFf4z7hwC8.dUaO7NvUBVaQ-F0Coi-paU_-0lUGiz8eZkDSkys24ms&dib_tag=se&keywords=instant+pot&qid=1777034122&sr=8-22
"Instant Pot Steamer Basket, Stainless Steel, Round, 6qt",4.5 out of 5 stars,N/A,"7,711",https://www.amazon.in/Steamer-Basket-Instant-Vegetable-Stainless/dp/B07T3C14LQ/ref=sr_1_23?dib=eyJ2IjoiMSJ9.vloIg2cSahCyLiNY1HPoG2SDlj2YyVIJuZ26C8ai9Jmo_vPp-S_PKdtD_ivRF4iDU42b1E-wuBNlMK5o_ZJkuOoUvWPXoRY81OwP6QvU8WzDlKrwxorSiBC-XSPcVwKAuRnzRuG3KE_TSsa-bBCYcd65Qh4qVqx4EyWSO63o1TS3Ab9ial23vBSX-5QaLYIFBVhWXlQ9Vsf2WGuIDfNgBWbIGvE_rrFtzdFf4z7hwC8.dUaO7NvUBVaQ-F0Coi-paU_-0lUGiz8eZkDSkys24ms&dib_tag=se&keywords=instant+pot&qid=1777034122&sr=8-23
Pigeon,3.8 out of 5 stars,4K+ bought in past month,899,https://www.amazon.in/Pigeon-Multipurpose-12173-Stainless-boiling/dp/B01I1LDZGA/ref=sr_1_24?dib=eyJ2IjoiMSJ9.vloIg2cSahCyLiNY1HPoG2SDlj2YyVIJuZ26C8ai9Jmo_vPp-S_PKdtD_ivRF4iDU42b1E-wuBNlMK5o_ZJkuOoUvWPXoRY81OwP6QvU8WzDlKrwxorSiBC-XSPcVwKAuRnzRuG3KE_TSsa-bBCYcd65Qh4qVqx4EyWSO63o1TS3Ab9ial23vBSX-5QaLYIFBVhWXlQ9Vsf2WGuIDfNgBWbIGvE_rrFtzdFf4z7hwC8.dUaO7NvUBVaQ-F0Coi-paU_-0lUGiz8eZkDSkys24ms&dib_tag=se&keywords=instant+pot&qid=1777034122&sr=8-24
AGARO,4.0 out of 5 stars,5K+ bought in past month,"1,798",https://www.amazon.in/AGARO-Variable-Temperature-Settings-Vegetable/dp/B071P7183Y/ref=sr_1_25?dib=eyJ2IjoiMSJ9.vloIg2cSahCyLiNY1HPoG2SDlj2YyVIJuZ26C8ai9Jmo_vPp-S_PKdtD_ivRF4iDU42b1E-wuBNlMK5o_ZJkuOoUvWPXoRY81OwP6QvU8WzDlKrwxorSiBC-XSPcVwKAuRnzRuG3KE_TSsa-bBCYcd65Qh4qVqx4EyWSO63o1TS3Ab9ial23vBSX-5QaLYIFBVhWXlQ9Vsf2WGuIDfNgBWbIGvE_rrFtzdFf4z7hwC8.dUaO7NvUBVaQ-F0Coi-paU_-0lUGiz8eZkDSkys24ms&dib_tag=se&keywords=instant+pot&qid=1777034122&sr=8-25
InstaCuppa,3.8 out of 5 stars,200+ bought in past month,"1,899",https://www.amazon.in/InstaCuppa-Nonstick-Portable-MultiKettle-Easy-Clean/dp/B0G4BQYZC4/ref=sr_1_26?dib=eyJ2IjoiMSJ9.vloIg2cSahCyLiNY1HPoG2SDlj2YyVIJuZ26C8ai9Jmo_vPp-S_PKdtD_ivRF4iDU42b1E-wuBNlMK5o_ZJkuOoUvWPXoRY81OwP6QvU8WzDlKrwxorSiBC-XSPcVwKAuRnzRuG3KE_TSsa-bBCYcd65Qh4qVqx4EyWSO63o1TS3Ab9ial23vBSX-5QaLYIFBVhWXlQ9Vsf2WGuIDfNgBWbIGvE_rrFtzdFf4z7hwC8.dUaO7NvUBVaQ-F0Coi-paU_-0lUGiz8eZkDSkys24ms&dib_tag=se&keywords=instant+pot&qid=1777034122&sr=8-26
Instant Pot,4.8 out of 5 stars,N/A,"3,203.",https://www.amazon.in/Genuine-Instant-Pot-Tempered-Glass/dp/B008FUJ2LK/ref=sr_1_27?dib=eyJ2IjoiMSJ9.vloIg2cSahCyLiNY1HPoG2SDlj2YyVIJuZ26C8ai9Jmo_vPp-S_PKdtD_ivRF4iDU42b1E-wuBNlMK5o_ZJkuOoUvWPXoRY81OwP6QvU8WzDlKrwxorSiBC-XSPcVwKAuRnzRuG3KE_TSsa-bBCYcd65Qh4qVqx4EyWSO63o1TS3Ab9ial23vBSX-5QaLYIFBVhWXlQ9Vsf2WGuIDfNgBWbIGvE_rrFtzdFf4z7hwC8.dUaO7NvUBVaQ-F0Coi-paU_-0lUGiz8eZkDSkys24ms&dib_tag=se&keywords=instant+pot&qid=1777034122&sr=8-27
Prestige,3.9 out of 5 stars,800+ bought in past month,"1,500",https://www.amazon.in/Prestige-Multi-Cooker-Litre-PMC/dp/B07TPJRT8C/ref=sr_1_28?dib=eyJ2IjoiMSJ9.vloIg2cSahCyLiNY1HPoG2SDlj2YyVIJuZ26C8ai9Jmo_vPp-S_PKdtD_ivRF4iDU42b1E-wuBNlMK5o_ZJkuOoUvWPXoRY81OwP6QvU8WzDlKrwxorSiBC-XSPcVwKAuRnzRuG3KE_TSsa-bBCYcd65Qh4qVqx4EyWSO63o1TS3Ab9ial23vBSX-5QaLYIFBVhWXlQ9Vsf2WGuIDfNgBWbIGvE_rrFtzdFf4z7hwC8.dUaO7NvUBVaQ-F0Coi-paU_-0lUGiz8eZkDSkys24ms&dib_tag=se&keywords=instant+pot&qid=1777034122&sr=8-28
"Air Fryer Liners disposable for Instant Pot Vortex Plus 6QT XL Air Fryer, 100pcs Parchment Paper",4.5 out of 5 stars,(₹1.64₹1.64/count),164,https://www.amazon.in/Liners-disposable-Instant-Vortex-100pcs/dp/B0DK3XYGNY/ref=sr_1_29?dib=eyJ2IjoiMSJ9.vloIg2cSahCyLiNY1HPoG2SDlj2YyVIJuZ26C8ai9Jmo_vPp-S_PKdtD_ivRF4iDU42b1E-wuBNlMK5o_ZJkuOoUvWPXoRY81OwP6QvU8WzDlKrwxorSiBC-XSPcVwKAuRnzRuG3KE_TSsa-bBCYcd65Qh4qVqx4EyWSO63o1TS3Ab9ial23vBSX-5QaLYIFBVhWXlQ9Vsf2WGuIDfNgBWbIGvE_rrFtzdFf4z7hwC8.dUaO7NvUBVaQ-F0Coi-paU_-0lUGiz8eZkDSkys24ms&dib_tag=se&keywords=instant+pot&qid=1777034122&sr=8-29
"6 Ltr Pressure Cooker Nylon Cover with Storage Pockets, Waterproof & Dustproof Kitchen Appliance Cover for Instant Pot, Crock-Pot, Ninja Foodi, Storage Organizer with Pouches, (36x34 cm)",No rating,M.R.P:,275,https://www.amazon.in/PrimeCover-Waterproof-Dustproof-Appliance-Crock-Pot/dp/B0GKX14MHZ/ref=sr_1_30?dib=eyJ2IjoiMSJ9.vloIg2cSahCyLiNY1HPoG2SDlj2YyVIJuZ26C8ai9Jmo_vPp-S_PKdtD_ivRF4iDU42b1E-wuBNlMK5o_ZJkuOoUvWPXoRY81OwP6QvU8WzDlKrwxorSiBC-XSPcVwKAuRnzRuG3KE_TSsa-bBCYcd65Qh4qVqx4EyWSO63o1TS3Ab9ial23vBSX-5QaLYIFBVhWXlQ9Vsf2WGuIDfNgBWbIGvE_rrFtzdFf4z7hwC8.dUaO7NvUBVaQ-F0Coi-paU_-0lUGiz8eZkDSkys24ms&dib_tag=se&keywords=instant+pot&qid=1777034122&sr=8-30
Instant Pot,3.7 out of 5 stars,M.R.P:,"11,999",https://www.amazon.in/Instant-Espresso-Ground-Reusable-Reservoir/dp/B096BJJ1FG/ref=sr_1_31?dib=eyJ2IjoiMSJ9.vloIg2cSahCyLiNY1HPoG2SDlj2YyVIJuZ26C8ai9Jmo_vPp-S_PKdtD_ivRF4iDU42b1E-wuBNlMK5o_ZJkuOoUvWPXoRY81OwP6QvU8WzDlKrwxorSiBC-XSPcVwKAuRnzRuG3KE_TSsa-bBCYcd65Qh4qVqx4EyWSO63o1TS3Ab9ial23vBSX-5QaLYIFBVhWXlQ9Vsf2WGuIDfNgBWbIGvE_rrFtzdFf4z7hwC8.dUaO7NvUBVaQ-F0Coi-paU_-0lUGiz8eZkDSkys24ms&dib_tag=se&keywords=instant+pot&qid=1777034122&sr=8-31
MILTON,3.9 out of 5 stars,200+ bought in past month,"1,298",https://www.amazon.in/Essential-Euroline-Electric-Multi-Purpose-Vegetables/dp/B0CJMF9RGR/ref=sr_1_32?dib=eyJ2IjoiMSJ9.vloIg2cSahCyLiNY1HPoG2SDlj2YyVIJuZ26C8ai9Jmo_vPp-S_PKdtD_ivRF4iDU42b1E-wuBNlMK5o_ZJkuOoUvWPXoRY81OwP6QvU8WzDlKrwxorSiBC-XSPcVwKAuRnzRuG3KE_TSsa-bBCYcd65Qh4qVqx4EyWSO63o1TS3Ab9ial23vBSX-5QaLYIFBVhWXlQ9Vsf2WGuIDfNgBWbIGvE_rrFtzdFf4z7hwC8.dUaO7NvUBVaQ-F0Coi-paU_-0lUGiz8eZkDSkys24ms&dib_tag=se&keywords=instant+pot&qid=1777034122&sr=8-32
"6 Ltr Pressure Cooker Nylon Cover with Storage Pockets, Waterproof & Dustproof Kitchen Appliance Cover for Instant Pot, Crock-Pot, Ninja Foodi, Storage Organizer with Pouches, (36x34 cm)",No rating,M.R.P:,275,https://www.amazon.in/PrimeCover-Waterproof-Dustproof-Appliance-Crock-Pot/dp/B0GKX14MHZ/ref=sr_1_33?dib=eyJ2IjoiMSJ9.H14dhY2L7DwtKhp73GtTUecBm9ftwhiqlVgDWwRtdL91Sh5yRW6_HBWgjzxgr2T2hEjOYwstjckGhBqy0jyhBNSDYgOcKCUTOWN3ZIg81BSXxYcX4UcfI8HTwzTQIKtgzAEvEJiMr0pGquMqLAVhtX4VjgoWnOG0-8SG4cL_vXrmfQkgERCgiQFZF_O6jOKj_j8oi7KzvvGDMGZafNrLmQ7tu9J4amaOw-9BO-hOpnM.1z3QWubj9HlNs8vExISKsYHzZJaKjO6Q2E_5lFRstqE&dib_tag=se&keywords=instant+pot&qid=1777034124&sr=8-33
"Air Fryer Liners disposable for Instant Pot Vortex Plus 6QT XL Air Fryer, 100pcs Parchment Paper",4.5 out of 5 stars,(₹1.64₹1.64/count),164,https://www.amazon.in/Liners-disposable-Instant-Vortex-100pcs/dp/B0DK3XYGNY/ref=sr_1_34?dib=eyJ2IjoiMSJ9.H14dhY2L7DwtKhp73GtTUecBm9ftwhiqlVgDWwRtdL91Sh5yRW6_HBWgjzxgr2T2hEjOYwstjckGhBqy0jyhBNSDYgOcKCUTOWN3ZIg81BSXxYcX4UcfI8HTwzTQIKtgzAEvEJiMr0pGquMqLAVhtX4VjgoWnOG0-8SG4cL_vXrmfQkgERCgiQFZF_O6jOKj_j8oi7KzvvGDMGZafNrLmQ7tu9J4amaOw-9BO-hOpnM.1z3QWubj9HlNs8vExISKsYHzZJaKjO6Q2E_5lFRstqE&dib_tag=se&keywords=instant+pot&qid=1777034124&sr=8-34
Ninja,4.7 out of 5 stars,100+ bought in past month,"25,999",https://www.amazon.in/Ninja-Combi-Multi-Cooker-Fryer-12-5L/dp/B0FWY8TT1X/ref=sr_1_35?dib=eyJ2IjoiMSJ9.H14dhY2L7DwtKhp73GtTUecBm9ftwhiqlVgDWwRtdL91Sh5yRW6_HBWgjzxgr2T2hEjOYwstjckGhBqy0jyhBNSDYgOcKCUTOWN3ZIg81BSXxYcX4UcfI8HTwzTQIKtgzAEvEJiMr0pGquMqLAVhtX4VjgoWnOG0-8SG4cL_vXrmfQkgERCgiQFZF_O6jOKj_j8oi7KzvvGDMGZafNrLmQ7tu9J4amaOw-9BO-hOpnM.1z3QWubj9HlNs8vExISKsYHzZJaKjO6Q2E_5lFRstqE&dib_tag=se&keywords=instant+pot&qid=1777034124&sr=8-35
Instant Pot,4.8 out of 5 stars,N/A,"3,203.",https://www.amazon.in/Genuine-Instant-Pot-Tempered-Glass/dp/B008FUJ2LK/ref=sr_1_36?dib=eyJ2IjoiMSJ9.H14dhY2L7DwtKhp73GtTUecBm9ftwhiqlVgDWwRtdL91Sh5yRW6_HBWgjzxgr2T2hEjOYwstjckGhBqy0jyhBNSDYgOcKCUTOWN3ZIg81BSXxYcX4UcfI8HTwzTQIKtgzAEvEJiMr0pGquMqLAVhtX4VjgoWnOG0-8SG4cL_vXrmfQkgERCgiQFZF_O6jOKj_j8oi7KzvvGDMGZafNrLmQ7tu9J4amaOw-9BO-hOpnM.1z3QWubj9HlNs8vExISKsYHzZJaKjO6Q2E_5lFRstqE&dib_tag=se&keywords=instant+pot&qid=1777034124&sr=8-36
Instant,4.1 out of 5 stars,M.R.P:,"20,201",https://www.amazon.in/Instant-Single-Compatible-Reusable-Reservoir/dp/B09KFG66RJ/ref=sr_1_37?dib=eyJ2IjoiMSJ9.H14dhY2L7DwtKhp73GtTUecBm9ftwhiqlVgDWwRtdL91Sh5yRW6_HBWgjzxgr2T2hEjOYwstjckGhBqy0jyhBNSDYgOcKCUTOWN3ZIg81BSXxYcX4UcfI8HTwzTQIKtgzAEvEJiMr0pGquMqLAVhtX4VjgoWnOG0-8SG4cL_vXrmfQkgERCgiQFZF_O6jOKj_j8oi7KzvvGDMGZafNrLmQ7tu9J4amaOw-9BO-hOpnM.1z3QWubj9HlNs8vExISKsYHzZJaKjO6Q2E_5lFRstqE&dib_tag=se&keywords=instant+pot&qid=1777034124&sr=8-37
Instant Pot,3.7 out of 5 stars,M.R.P:,"11,999",https://www.amazon.in/Instant-Espresso-Ground-Reusable-Reservoir/dp/B096BJJ1FG/ref=sr_1_38?dib=eyJ2IjoiMSJ9.H14dhY2L7DwtKhp73GtTUecBm9ftwhiqlVgDWwRtdL91Sh5yRW6_HBWgjzxgr2T2hEjOYwstjckGhBqy0jyhBNSDYgOcKCUTOWN3ZIg81BSXxYcX4UcfI8HTwzTQIKtgzAEvEJiMr0pGquMqLAVhtX4VjgoWnOG0-8SG4cL_vXrmfQkgERCgiQFZF_O6jOKj_j8oi7KzvvGDMGZafNrLmQ7tu9J4amaOw-9BO-hOpnM.1z3QWubj9HlNs8vExISKsYHzZJaKjO6Q2E_5lFRstqE&dib_tag=se&keywords=instant+pot&qid=1777034124&sr=8-38
"Steamer Rack for Instant Pot – Stainless Steel Pressure Cooker Trivet 2 Pack, Steaming Rack with Legs for 6Qt & 8Qt Instant Pot Accessories, Food Steamer Stand for Vegetables, Eggs, Seafood, Cooling Rack Combo ( Samll and Big)",5.0 out of 5 stars,M.R.P:,350,https://www.amazon.in/Steamer-Rack-Instant-Pot-Accessories/dp/B0GSG8T3C1/ref=sr_1_39?dib=eyJ2IjoiMSJ9.H14dhY2L7DwtKhp73GtTUecBm9ftwhiqlVgDWwRtdL91Sh5yRW6_HBWgjzxgr2T2hEjOYwstjckGhBqy0jyhBNSDYgOcKCUTOWN3ZIg81BSXxYcX4UcfI8HTwzTQIKtgzAEvEJiMr0pGquMqLAVhtX4VjgoWnOG0-8SG4cL_vXrmfQkgERCgiQFZF_O6jOKj_j8oi7KzvvGDMGZafNrLmQ7tu9J4amaOw-9BO-hOpnM.1z3QWubj9HlNs8vExISKsYHzZJaKjO6Q2E_5lFRstqE&dib_tag=se&keywords=instant+pot&qid=1777034124&sr=8-39
Instant Pot,3.7 out of 5 stars,No featured offers available,No price,https://www.amazon.in/Instant-Electric-Automatic-Cappuccinos-Macchiato/dp/B08VJP18XN/ref=sr_1_40?dib=eyJ2IjoiMSJ9.H14dhY2L7DwtKhp73GtTUecBm9ftwhiqlVgDWwRtdL91Sh5yRW6_HBWgjzxgr2T2hEjOYwstjckGhBqy0jyhBNSDYgOcKCUTOWN3ZIg81BSXxYcX4UcfI8HTwzTQIKtgzAEvEJiMr0pGquMqLAVhtX4VjgoWnOG0-8SG4cL_vXrmfQkgERCgiQFZF_O6jOKj_j8oi7KzvvGDMGZafNrLmQ7tu9J4amaOw-9BO-hOpnM.1z3QWubj9HlNs8vExISKsYHzZJaKjO6Q2E_5lFRstqE&dib_tag=se&keywords=instant+pot&qid=1777034124&sr=8-40
Instant Pot,4.5 out of 5 stars,M.R.P:,"4,897",https://www.amazon.in/Instant-Pot-5252078-Official-Removable/dp/B07WSGH44C/ref=sr_1_41?dib=eyJ2IjoiMSJ9.H14dhY2L7DwtKhp73GtTUecBm9ftwhiqlVgDWwRtdL91Sh5yRW6_HBWgjzxgr2T2hEjOYwstjckGhBqy0jyhBNSDYgOcKCUTOWN3ZIg81BSXxYcX4UcfI8HTwzTQIKtgzAEvEJiMr0pGquMqLAVhtX4VjgoWnOG0-8SG4cL_vXrmfQkgERCgiQFZF_O6jOKj_j8oi7KzvvGDMGZafNrLmQ7tu9J4amaOw-9BO-hOpnM.1z3QWubj9HlNs8vExISKsYHzZJaKjO6Q2E_5lFRstqE&dib_tag=se&keywords=instant+pot&qid=1777034124&sr=8-41
Wonderchef,3.9 out of 5 stars,300+ bought in past month,"1,654",https://www.amazon.in/Wonderchef-Warranty-Automatic-Shut-Off-Protection/dp/B0CZTFCYDX/ref=sr_1_42?dib=eyJ2IjoiMSJ9.H14dhY2L7DwtKhp73GtTUecBm9ftwhiqlVgDWwRtdL91Sh5yRW6_HBWgjzxgr2T2hEjOYwstjckGhBqy0jyhBNSDYgOcKCUTOWN3ZIg81BSXxYcX4UcfI8HTwzTQIKtgzAEvEJiMr0pGquMqLAVhtX4VjgoWnOG0-8SG4cL_vXrmfQkgERCgiQFZF_O6jOKj_j8oi7KzvvGDMGZafNrLmQ7tu9J4amaOw-9BO-hOpnM.1z3QWubj9HlNs8vExISKsYHzZJaKjO6Q2E_5lFRstqE&dib_tag=se&keywords=instant+pot&qid=1777034124&sr=8-42
IBELL,4.4 out of 5 stars,200+ bought in past month,"2,162",https://www.amazon.in/iBELL-Induction-Stainless-Thermal-Cooker/dp/B07D7W3F7W/ref=sr_1_43?dib=eyJ2IjoiMSJ9.H14dhY2L7DwtKhp73GtTUecBm9ftwhiqlVgDWwRtdL91Sh5yRW6_HBWgjzxgr2T2hEjOYwstjckGhBqy0jyhBNSDYgOcKCUTOWN3ZIg81BSXxYcX4UcfI8HTwzTQIKtgzAEvEJiMr0pGquMqLAVhtX4VjgoWnOG0-8SG4cL_vXrmfQkgERCgiQFZF_O6jOKj_j8oi7KzvvGDMGZafNrLmQ7tu9J4amaOw-9BO-hOpnM.1z3QWubj9HlNs8vExISKsYHzZJaKjO6Q2E_5lFRstqE&dib_tag=se&keywords=instant+pot&qid=1777034124&sr=8-43
"Food Steamer Box Tray Set, Stainless Steel Mini Steamer Cooker Insert Pot Food Holder for Instant Pot n Air Fryer to Quick Prepare Meal using for home, kitchen (1 set)",No rating,M.R.P:,239,https://www.amazon.in/Steamer-Stainless-Instant-Prepare-kitchen/dp/B0GW5CTJ2S/ref=sr_1_44?dib=eyJ2IjoiMSJ9.H14dhY2L7DwtKhp73GtTUecBm9ftwhiqlVgDWwRtdL91Sh5yRW6_HBWgjzxgr2T2hEjOYwstjckGhBqy0jyhBNSDYgOcKCUTOWN3ZIg81BSXxYcX4UcfI8HTwzTQIKtgzAEvEJiMr0pGquMqLAVhtX4VjgoWnOG0-8SG4cL_vXrmfQkgERCgiQFZF_O6jOKj_j8oi7KzvvGDMGZafNrLmQ7tu9J4amaOw-9BO-hOpnM.1z3QWubj9HlNs8vExISKsYHzZJaKjO6Q2E_5lFRstqE&dib_tag=se&keywords=instant+pot&qid=1777034124&sr=8-44
AGARO,4.0 out of 5 stars,300+ bought in past month,"4,950",https://www.amazon.in/AGARO-Automatic-Blending-Functions-Stainless/dp/B0C5MB8J98/ref=sr_1_45?dib=eyJ2IjoiMSJ9.H14dhY2L7DwtKhp73GtTUecBm9ftwhiqlVgDWwRtdL91Sh5yRW6_HBWgjzxgr2T2hEjOYwstjckGhBqy0jyhBNSDYgOcKCUTOWN3ZIg81BSXxYcX4UcfI8HTwzTQIKtgzAEvEJiMr0pGquMqLAVhtX4VjgoWnOG0-8SG4cL_vXrmfQkgERCgiQFZF_O6jOKj_j8oi7KzvvGDMGZafNrLmQ7tu9J4amaOw-9BO-hOpnM.1z3QWubj9HlNs8vExISKsYHzZJaKjO6Q2E_5lFRstqE&dib_tag=se&keywords=instant+pot&qid=1777034124&sr=8-45
Crock-Pot,3.8 out of 5 stars,M.R.P:,"7,909",https://www.amazon.in/Crock-Pot-Multi-Use-Programmable-Stainless-SCCPPC600-V1/dp/B074PHL51Y/ref=sr_1_46?dib=eyJ2IjoiMSJ9.H14dhY2L7DwtKhp73GtTUecBm9ftwhiqlVgDWwRtdL91Sh5yRW6_HBWgjzxgr2T2hEjOYwstjckGhBqy0jyhBNSDYgOcKCUTOWN3ZIg81BSXxYcX4UcfI8HTwzTQIKtgzAEvEJiMr0pGquMqLAVhtX4VjgoWnOG0-8SG4cL_vXrmfQkgERCgiQFZF_O6jOKj_j8oi7KzvvGDMGZafNrLmQ7tu9J4amaOw-9BO-hOpnM.1z3QWubj9HlNs8vExISKsYHzZJaKjO6Q2E_5lFRstqE&dib_tag=se&keywords=instant+pot&qid=1777034124&sr=8-46
"10Pcs Replacement Parts for Instant Pot Duo/Duo Plus 5&6QT Quart, Upgrade Steam Release Valve Lid Replacement for Instant Pot, Pressure Valve Float for Instant Pot",4.4 out of 5 stars,N/A,"1,949.",https://www.amazon.in/Replacement-Instant-Upgrade-Release-Pressure/dp/B0F9FGQ6BV/ref=sr_1_47?dib=eyJ2IjoiMSJ9.H14dhY2L7DwtKhp73GtTUecBm9ftwhiqlVgDWwRtdL91Sh5yRW6_HBWgjzxgr2T2hEjOYwstjckGhBqy0jyhBNSDYgOcKCUTOWN3ZIg81BSXxYcX4UcfI8HTwzTQIKtgzAEvEJiMr0pGquMqLAVhtX4VjgoWnOG0-8SG4cL_vXrmfQkgERCgiQFZF_O6jOKj_j8oi7KzvvGDMGZafNrLmQ7tu9J4amaOw-9BO-hOpnM.1z3QWubj9HlNs8vExISKsYHzZJaKjO6Q2E_5lFRstqE&dib_tag=se&keywords=instant+pot&qid=1777034124&sr=8-47
"Steamer Rack for Instant Pot – Stainless Steel Pressure Cooker Trivet, Steaming Rack with Legs for 6Qt & 8Qt Food Steamer Stand for Vegetables, Eggs, Cooling Rack Combo (Small and Big)",No rating,M.R.P:,379,https://www.amazon.in/Steamer-Rack-Instant-Pot-Vegetables/dp/B0GTVLSS49/ref=sr_1_48?dib=eyJ2IjoiMSJ9.H14dhY2L7DwtKhp73GtTUecBm9ftwhiqlVgDWwRtdL91Sh5yRW6_HBWgjzxgr2T2hEjOYwstjckGhBqy0jyhBNSDYgOcKCUTOWN3ZIg81BSXxYcX4UcfI8HTwzTQIKtgzAEvEJiMr0pGquMqLAVhtX4VjgoWnOG0-8SG4cL_vXrmfQkgERCgiQFZF_O6jOKj_j8oi7KzvvGDMGZafNrLmQ7tu9J4amaOw-9BO-hOpnM.1z3QWubj9HlNs8vExISKsYHzZJaKjO6Q2E_5lFRstqE&dib_tag=se&keywords=instant+pot&qid=1777034124&sr=8-48
"Pious 2 Litre Multipurpose Steamer with Non Stick Pot | Use Without Gas | Dual Power Electric Kettle for Boiling Water, Milk, Tea, Coffee, Noodles, Rice, Soup | Travel Friendly | White (BIS Certified)",5.0 out of 5 stars,M.R.P:,"1,899",https://www.amazon.in/Multipurpose-Steamer-Boiling-Cooking-Friendly/dp/B0F847NDHV/ref=sr_1_49?dib=eyJ2IjoiMSJ9.HFDzODIyQBgU-We6rDaWSblwbve5gg-b4LiD8z8TjKwiNk28RttnrJqBm8uWF5GNBHX2Go45I1C3GhOC34G-8hG8Pfr_8oswW9JQuC1FPcDeH5MHIbszH9xNht96X9Y5iRNToXd5CTOlGCzMlrw3Prj1C8depkXbD14x-roCmY_MP1d3LG-4PxHQerQqSDGZk4vEntvK_3wmRuVk21Bo2A61k4RkQVZUSU7D1_3fBTQ.Ry9Uu-0VLJLmAGMDjXsveTPK25QVyXblt7y_RKGh2bs&dib_tag=se&keywords=instant+pot&qid=1777034125&sr=8-49
Instant Pot,4.6 out of 5 stars,M.R.P:,"17,977.",https://www.amazon.in/Instant-Pot-Non-Stick-Ceramic-Inner/dp/B00ICL8M1I/ref=sr_1_50?dib=eyJ2IjoiMSJ9.HFDzODIyQBgU-We6rDaWSblwbve5gg-b4LiD8z8TjKwiNk28RttnrJqBm8uWF5GNBHX2Go45I1C3GhOC34G-8hG8Pfr_8oswW9JQuC1FPcDeH5MHIbszH9xNht96X9Y5iRNToXd5CTOlGCzMlrw3Prj1C8depkXbD14x-roCmY_MP1d3LG-4PxHQerQqSDGZk4vEntvK_3wmRuVk21Bo2A61k4RkQVZUSU7D1_3fBTQ.Ry9Uu-0VLJLmAGMDjXsveTPK25QVyXblt7y_RKGh2bs&dib_tag=se&keywords=instant+pot&qid=1777034125&sr=8-50
3X Stainless Steel Steamer Basket for 5/6/8 Qt Instant Pot Vetables Tamale,No rating,M.R.P:,"2,317",https://www.amazon.in/ARTISOULTM-Stainless-Steamer-Instant-Vetables/dp/B0FR8NT3X1/ref=sr_1_51?dib=eyJ2IjoiMSJ9.HFDzODIyQBgU-We6rDaWSblwbve5gg-b4LiD8z8TjKwiNk28RttnrJqBm8uWF5GNBHX2Go45I1C3GhOC34G-8hG8Pfr_8oswW9JQuC1FPcDeH5MHIbszH9xNht96X9Y5iRNToXd5CTOlGCzMlrw3Prj1C8depkXbD14x-roCmY_MP1d3LG-4PxHQerQqSDGZk4vEntvK_3wmRuVk21Bo2A61k4RkQVZUSU7D1_3fBTQ.Ry9Uu-0VLJLmAGMDjXsveTPK25QVyXblt7y_RKGh2bs&dib_tag=se&keywords=instant+pot&qid=1777034125&sr=8-51
Crock-Pot,4.2 out of 5 stars,M.R.P:,"7,909",https://www.amazon.in/Crock-Pot-Pressure-Programmable-Multi-Cooker-Stainless/dp/B07Y6J7SZL/ref=sr_1_52?dib=eyJ2IjoiMSJ9.HFDzODIyQBgU-We6rDaWSblwbve5gg-b4LiD8z8TjKwiNk28RttnrJqBm8uWF5GNBHX2Go45I1C3GhOC34G-8hG8Pfr_8oswW9JQuC1FPcDeH5MHIbszH9xNht96X9Y5iRNToXd5CTOlGCzMlrw3Prj1C8depkXbD14x-roCmY_MP1d3LG-4PxHQerQqSDGZk4vEntvK_3wmRuVk21Bo2A61k4RkQVZUSU7D1_3fBTQ.Ry9Uu-0VLJLmAGMDjXsveTPK25QVyXblt7y_RKGh2bs&dib_tag=se&keywords=instant+pot&qid=1777034125&sr=8-52
Instant Pot,4.8 out of 5 stars,M.R.P:,"14,155.",https://www.amazon.in/Genuine-Instant-Pot-Stainless-Cooking/dp/B072K19MQV/ref=sr_1_53?dib=eyJ2IjoiMSJ9.HFDzODIyQBgU-We6rDaWSblwbve5gg-b4LiD8z8TjKwiNk28RttnrJqBm8uWF5GNBHX2Go45I1C3GhOC34G-8hG8Pfr_8oswW9JQuC1FPcDeH5MHIbszH9xNht96X9Y5iRNToXd5CTOlGCzMlrw3Prj1C8depkXbD14x-roCmY_MP1d3LG-4PxHQerQqSDGZk4vEntvK_3wmRuVk21Bo2A61k4RkQVZUSU7D1_3fBTQ.Ry9Uu-0VLJLmAGMDjXsveTPK25QVyXblt7y_RKGh2bs&dib_tag=se&keywords=instant+pot&qid=1777034125&sr=8-53
"OIDIRE CURA PRO Multipurpose Electric Cooker | 1.8L Stainless Steel Pot | 700W Fast Heating | Tempered Glass Lid | Stir Fry, Boil, Steam, Roast | Compact Ramen & Hot Pot Cooker | Dual Heating Mode",3.7 out of 5 stars,M.R.P:,"2,899",https://www.amazon.in/CURA-Multipurpose-Electric-Stainless-Tempered/dp/B0FXMBC8KY/ref=sr_1_54?dib=eyJ2IjoiMSJ9.HFDzODIyQBgU-We6rDaWSblwbve5gg-b4LiD8z8TjKwiNk28RttnrJqBm8uWF5GNBHX2Go45I1C3GhOC34G-8hG8Pfr_8oswW9JQuC1FPcDeH5MHIbszH9xNht96X9Y5iRNToXd5CTOlGCzMlrw3Prj1C8depkXbD14x-roCmY_MP1d3LG-4PxHQerQqSDGZk4vEntvK_3wmRuVk21Bo2A61k4RkQVZUSU7D1_3fBTQ.Ry9Uu-0VLJLmAGMDjXsveTPK25QVyXblt7y_RKGh2bs&dib_tag=se&keywords=instant+pot&qid=1777034125&sr=8-54
Hawkins,4.4 out of 5 stars,500+ bought in past month,"1,687",https://www.amazon.in/Hawkins-Black-XT-Pressure-Induction-CXT15/dp/B0B5H1SR2D/ref=sr_1_55?dib=eyJ2IjoiMSJ9.HFDzODIyQBgU-We6rDaWSblwbve5gg-b4LiD8z8TjKwiNk28RttnrJqBm8uWF5GNBHX2Go45I1C3GhOC34G-8hG8Pfr_8oswW9JQuC1FPcDeH5MHIbszH9xNht96X9Y5iRNToXd5CTOlGCzMlrw3Prj1C8depkXbD14x-roCmY_MP1d3LG-4PxHQerQqSDGZk4vEntvK_3wmRuVk21Bo2A61k4RkQVZUSU7D1_3fBTQ.Ry9Uu-0VLJLmAGMDjXsveTPK25QVyXblt7y_RKGh2bs&dib_tag=se&keywords=instant+pot&qid=1777034125&sr=8-55
Instant Pot,4.7 out of 5 stars,M.R.P:,"4,676",https://www.amazon.in/Instant-Pot-5252247-Official-Stainless/dp/B07WSRLD95/ref=sr_1_56?dib=eyJ2IjoiMSJ9.HFDzODIyQBgU-We6rDaWSblwbve5gg-b4LiD8z8TjKwiNk28RttnrJqBm8uWF5GNBHX2Go45I1C3GhOC34G-8hG8Pfr_8oswW9JQuC1FPcDeH5MHIbszH9xNht96X9Y5iRNToXd5CTOlGCzMlrw3Prj1C8depkXbD14x-roCmY_MP1d3LG-4PxHQerQqSDGZk4vEntvK_3wmRuVk21Bo2A61k4RkQVZUSU7D1_3fBTQ.Ry9Uu-0VLJLmAGMDjXsveTPK25QVyXblt7y_RKGh2bs&dib_tag=se&keywords=instant+pot&qid=1777034125&sr=8-56
"Replacement Float Valve for Instant Pot Duo 3, 5, 6 Qt, Duo Plus 3, 6 Qt, Ultra 3, 6, 8 Qt, Lux 3 Qt - 2 Float Valves 4 Silicone Caps",4.5 out of 5 stars,(₹141.04₹141.04/count),846.,https://www.amazon.in/Alamic-Replacement-Float-Valve-Instant/dp/B07P9LQTHC/ref=sr_1_57?dib=eyJ2IjoiMSJ9.HFDzODIyQBgU-We6rDaWSblwbve5gg-b4LiD8z8TjKwiNk28RttnrJqBm8uWF5GNBHX2Go45I1C3GhOC34G-8hG8Pfr_8oswW9JQuC1FPcDeH5MHIbszH9xNht96X9Y5iRNToXd5CTOlGCzMlrw3Prj1C8depkXbD14x-roCmY_MP1d3LG-4PxHQerQqSDGZk4vEntvK_3wmRuVk21Bo2A61k4RkQVZUSU7D1_3fBTQ.Ry9Uu-0VLJLmAGMDjXsveTPK25QVyXblt7y_RKGh2bs&dib_tag=se&keywords=instant+pot&qid=1777034125&sr=8-57
Instant Pot,4.7 out of 5 stars,M.R.P:,"9,460.",https://www.amazon.in/Instant-Pot-Official-Silicone-Compatible/dp/B07WSRN21B/ref=sr_1_58?dib=eyJ2IjoiMSJ9.HFDzODIyQBgU-We6rDaWSblwbve5gg-b4LiD8z8TjKwiNk28RttnrJqBm8uWF5GNBHX2Go45I1C3GhOC34G-8hG8Pfr_8oswW9JQuC1FPcDeH5MHIbszH9xNht96X9Y5iRNToXd5CTOlGCzMlrw3Prj1C8depkXbD14x-roCmY_MP1d3LG-4PxHQerQqSDGZk4vEntvK_3wmRuVk21Bo2A61k4RkQVZUSU7D1_3fBTQ.Ry9Uu-0VLJLmAGMDjXsveTPK25QVyXblt7y_RKGh2bs&dib_tag=se&keywords=instant+pot&qid=1777034125&sr=8-58
Hawkins,4.5 out of 5 stars,600+ bought in past month,"2,295",https://www.amazon.in/Hawkins-Stainless-Pressure-Induction-HSST15/dp/B0CP5J3PMG/ref=sr_1_59?dib=eyJ2IjoiMSJ9.HFDzODIyQBgU-We6rDaWSblwbve5gg-b4LiD8z8TjKwiNk28RttnrJqBm8uWF5GNBHX2Go45I1C3GhOC34G-8hG8Pfr_8oswW9JQuC1FPcDeH5MHIbszH9xNht96X9Y5iRNToXd5CTOlGCzMlrw3Prj1C8depkXbD14x-roCmY_MP1d3LG-4PxHQerQqSDGZk4vEntvK_3wmRuVk21Bo2A61k4RkQVZUSU7D1_3fBTQ.Ry9Uu-0VLJLmAGMDjXsveTPK25QVyXblt7y_RKGh2bs&dib_tag=se&keywords=instant+pot&qid=1777034125&sr=8-59
Hawkins,4.3 out of 5 stars,900+ bought in past month,"2,227",https://www.amazon.in/Hawkins-Ceramic-Nonstick-Pressure-Induction/dp/B0C152NRJ7/ref=sr_1_60?dib=eyJ2IjoiMSJ9.HFDzODIyQBgU-We6rDaWSblwbve5gg-b4LiD8z8TjKwiNk28RttnrJqBm8uWF5GNBHX2Go45I1C3GhOC34G-8hG8Pfr_8oswW9JQuC1FPcDeH5MHIbszH9xNht96X9Y5iRNToXd5CTOlGCzMlrw3Prj1C8depkXbD14x-roCmY_MP1d3LG-4PxHQerQqSDGZk4vEntvK_3wmRuVk21Bo2A61k4RkQVZUSU7D1_3fBTQ.Ry9Uu-0VLJLmAGMDjXsveTPK25QVyXblt7y_RKGh2bs&dib_tag=se&keywords=instant+pot&qid=1777034125&sr=8-60
InstaCuppa,4.2 out of 5 stars,M.R.P:,"1,399",https://www.amazon.in/InstaCuppa-French-Press-Filtration-Sleeve/dp/B08GFJ8GPC/ref=sr_1_61?dib=eyJ2IjoiMSJ9.HFDzODIyQBgU-We6rDaWSblwbve5gg-b4LiD8z8TjKwiNk28RttnrJqBm8uWF5GNBHX2Go45I1C3GhOC34G-8hG8Pfr_8oswW9JQuC1FPcDeH5MHIbszH9xNht96X9Y5iRNToXd5CTOlGCzMlrw3Prj1C8depkXbD14x-roCmY_MP1d3LG-4PxHQerQqSDGZk4vEntvK_3wmRuVk21Bo2A61k4RkQVZUSU7D1_3fBTQ.Ry9Uu-0VLJLmAGMDjXsveTPK25QVyXblt7y_RKGh2bs&dib_tag=se&keywords=instant+pot&qid=1777034125&sr=8-61
"Electric Cooking Pot and Steamer 1.5 L Multi Cooker with Concealed Base | Mini Noodle Maker, Egg Boiler, Vegetable & Rice Cooker | Non-Stick Multifunction Hot Pot with Glass Lid (Green)",No rating,M.R.P:,699,https://www.amazon.in/Electric-Concealed-Vegetable-Non-Stick-Multifunction/dp/B0GXYT1C17/ref=sr_1_62?dib=eyJ2IjoiMSJ9.HFDzODIyQBgU-We6rDaWSblwbve5gg-b4LiD8z8TjKwiNk28RttnrJqBm8uWF5GNBHX2Go45I1C3GhOC34G-8hG8Pfr_8oswW9JQuC1FPcDeH5MHIbszH9xNht96X9Y5iRNToXd5CTOlGCzMlrw3Prj1C8depkXbD14x-roCmY_MP1d3LG-4PxHQerQqSDGZk4vEntvK_3wmRuVk21Bo2A61k4RkQVZUSU7D1_3fBTQ.Ry9Uu-0VLJLmAGMDjXsveTPK25QVyXblt7y_RKGh2bs&dib_tag=se&keywords=instant+pot&qid=1777034125&sr=8-62
"Individual Food Steamer Box Tray Set, 3pack Stainless Steel Mini Steamer Cookers Insert Pot Food Holder for Instant Pot n Air Fryer to Quick Prepare Meal",4.3 out of 5 stars,(₹116.33₹116.33/count),349,https://www.amazon.in/Individual-Steamer-Stainless-Cookers-Instant/dp/B0BYPDCX1N/ref=sr_1_63?dib=eyJ2IjoiMSJ9.HFDzODIyQBgU-We6rDaWSblwbve5gg-b4LiD8z8TjKwiNk28RttnrJqBm8uWF5GNBHX2Go45I1C3GhOC34G-8hG8Pfr_8oswW9JQuC1FPcDeH5MHIbszH9xNht96X9Y5iRNToXd5CTOlGCzMlrw3Prj1C8depkXbD14x-roCmY_MP1d3LG-4PxHQerQqSDGZk4vEntvK_3wmRuVk21Bo2A61k4RkQVZUSU7D1_3fBTQ.Ry9Uu-0VLJLmAGMDjXsveTPK25QVyXblt7y_RKGh2bs&dib_tag=se&keywords=instant+pot&qid=1777034125&sr=8-63
Instant Pot,4.8 out of 5 stars,N/A,"5,100",https://www.amazon.in/Genuine-Instant-Pot-Sealing-Clear/dp/B008FUUQJW/ref=sr_1_64?dib=eyJ2IjoiMSJ9.HFDzODIyQBgU-We6rDaWSblwbve5gg-b4LiD8z8TjKwiNk28RttnrJqBm8uWF5GNBHX2Go45I1C3GhOC34G-8hG8Pfr_8oswW9JQuC1FPcDeH5MHIbszH9xNht96X9Y5iRNToXd5CTOlGCzMlrw3Prj1C8depkXbD14x-roCmY_MP1d3LG-4PxHQerQqSDGZk4vEntvK_3wmRuVk21Bo2A61k4RkQVZUSU7D1_3fBTQ.Ry9Uu-0VLJLmAGMDjXsveTPK25QVyXblt7y_RKGh2bs&dib_tag=se&keywords=instant+pot&qid=1777034125&sr=8-64
